Workbook

Sheet 配置一覧
A1: 最適配置の一覧（200 m マスで解いた MILP の最適解、総コスト最小）
A2: 86 候補地すべて。種類が「なし」の候補地には置きません。座標は課題データ（data_transformed.json）の値 [m]。
A4: 候補地ID | B4: 市町村 | C4: x 座標 (m) | D4: y 座標 (m) | E4: 置くセンサー | F4: コスト | G4: 有効半径 (km) | H4: α出力 | I4: β出力
A5: P01_1 | B5: 西海市 | C5: -15194.7 | D5: -10982.8 | E5: GAMMA | F5: =IF($E5="なし",0,INDEX(センサー仕様!$C$4:$C$6,MATCH($E5,センサー仕様!$A$4:$A$6,0))) -> 40 | G5: =IF($E5="なし",0,INDEX(センサー仕様!$D$4:$D$6,MATCH($E5,センサー仕様!$A$4:$A$6,0))) -> 4.5 | H5: =IF($E5="なし",0,INDEX(センサー仕様!$E$4:$E$6,MATCH($E5,センサー仕様!$A$4:$A$6,0))) -> 1 | I5: =IF($E5="なし",0,INDEX(センサー仕様!$F$4:$F$6,MATCH($E5,センサー仕様!$A$4:$A$6,0))) -> 4
A6: P01_2 | B6: 西海市 | C6: -31460.8 | D6: 8976 | E6: GAMMA | F6: =IF($E6="なし",0,INDEX(センサー仕様!$C$4:$C$6,MATCH($E6,センサー仕様!$A$4:$A$6,0))) -> 40 | G6: =IF($E6="なし",0,INDEX(センサー仕様!$D$4:$D$6,MATCH($E6,センサー仕様!$A$4:$A$6,0))) -> 4.5 | H6: =IF($E6="なし",0,INDEX(センサー仕様!$E$4:$E$6,MATCH($E6,センサー仕様!$A$4:$A$6,0))) -> 1 | I6: =IF($E6="なし",0,INDEX(センサー仕様!$F$4:$F$6,MATCH($E6,センサー仕様!$A$4:$A$6,0))) -> 4
A7: P01_3 | B7: 西海市 | C7: -24595.1 | D7: 5483 | E7: GAMMA | F7: =IF($E7="なし",0,INDEX(センサー仕様!$C$4:$C$6,MATCH($E7,センサー仕様!$A$4:$A$6,0))) -> 40 | G7: =IF($E7="なし",0,INDEX(センサー仕様!$D$4:$D$6,MATCH($E7,センサー仕様!$A$4:$A$6,0))) -> 4.5 | H7: =IF($E7="なし",0,INDEX(センサー仕様!$E$4:$E$6,MATCH($E7,センサー仕様!$A$4:$A$6,0))) -> 1 | I7: =IF($E7="なし",0,INDEX(センサー仕様!$F$4:$F$6,MATCH($E7,センサー仕様!$A$4:$A$6,0))) -> 4
A8: P01_4 | B8: 西海市 | C8: -24457.4 | D8: -1843.5 | E8: BETA | F8: =IF($E8="なし",0,INDEX(センサー仕様!$C$4:$C$6,MATCH($E8,センサー仕様!$A$4:$A$6,0))) -> 100 | G8: =IF($E8="なし",0,INDEX(センサー仕様!$D$4:$D$6,MATCH($E8,センサー仕様!$A$4:$A$6,0))) -> 10 | H8: =IF($E8="なし",0,INDEX(センサー仕様!$E$4:$E$6,MATCH($E8,センサー仕様!$A$4:$A$6,0))) -> 2 | I8: =IF($E8="なし",0,INDEX(センサー仕様!$F$4:$F$6,MATCH($E8,センサー仕様!$A$4:$A$6,0))) -> 2
A9: P01_5 | B9: 西海市 | C9: -36243.7 | D9: 711.4 | E9: GAMMA | F9: =IF($E9="なし",0,INDEX(センサー仕様!$C$4:$C$6,MATCH($E9,センサー仕様!$A$4:$A$6,0))) -> 40 | G9: =IF($E9="なし",0,INDEX(センサー仕様!$D$4:$D$6,MATCH($E9,センサー仕様!$A$4:$A$6,0))) -> 4.5 | H9: =IF($E9="なし",0,INDEX(センサー仕様!$E$4:$E$6,MATCH($E9,センサー仕様!$A$4:$A$6,0))) -> 1 | I9: =IF($E9="なし",0,INDEX(センサー仕様!$F$4:$F$6,MATCH($E9,センサー仕様!$A$4:$A$6,0))) -> 4
A10: P01_6 | B10: 西海市 | C10: -16237.4 | D10: 282.1 | E10: BETA | F10: =IF($E10="なし",0,INDEX(センサー仕様!$C$4:$C$6,MATCH($E10,センサー仕様!$A$4:$A$6,0))) -> 100 | G10: =IF($E10="なし",0,INDEX(センサー仕様!$D$4:$D$6,MATCH($E10,センサー仕様!$A$4:$A$6,0))) -> 10 | H10: =IF($E10="なし",0,INDEX(センサー仕様!$E$4:$E$6,MATCH($E10,センサー仕様!$A$4:$A$6,0))) -> 2 | I10: =IF($E10="なし",0,INDEX(センサー仕様!$F$4:$F$6,MATCH($E10,センサー仕様!$A$4:$A$6,0))) -> 2
A11: P01_7 | B11: 西海市 | C11: -20347.5 | D11: -12941.5 | E11: GAMMA | F11: =IF($E11="なし",0,INDEX(センサー仕様!$C$4:$C$6,MATCH($E11,センサー仕様!$A$4:$A$6,0))) -> 40 | G11: =IF($E11="なし",0,INDEX(センサー仕様!$D$4:$D$6,MATCH($E11,センサー仕様!$A$4:$A$6,0))) -> 4.5 | H11: =IF($E11="なし",0,INDEX(センサー仕様!$E$4:$E$6,MATCH($E11,センサー仕様!$A$4:$A$6,0))) -> 1 | I11: =IF($E11="なし",0,INDEX(センサー仕様!$F$4:$F$6,MATCH($E11,センサー仕様!$A$4:$A$6,0))) -> 4
A12: P01_8 | B12: 西海市 | C12: -39914.2 | D12: -12094.6 | E12: ALPHA | F12: =IF($E12="なし",0,INDEX(センサー仕様!$C$4:$C$6,MATCH($E12,センサー仕様!$A$4:$A$6,0))) -> 300 | G12: =IF($E12="なし",0,INDEX(センサー仕様!$D$4:$D$6,MATCH($E12,センサー仕様!$A$4:$A$6,0))) -> 18 | H12: =IF($E12="なし",0,INDEX(センサー仕様!$E$4:$E$6,MATCH($E12,センサー仕様!$A$4:$A$6,0))) -> 5 | I12: =IF($E12="なし",0,INDEX(センサー仕様!$F$4:$F$6,MATCH($E12,センサー仕様!$A$4:$A$6,0))) -> 1
A13: P01_9 | B13: 西海市 | C13: -27744.9 | D13: 17167.5 | E13: BETA | F13: =IF($E13="なし",0,INDEX(センサー仕様!$C$4:$C$6,MATCH($E13,センサー仕様!$A$4:$A$6,0))) -> 100 | G13: =IF($E13="なし",0,INDEX(センサー仕様!$D$4:$D$6,MATCH($E13,センサー仕様!$A$4:$A$6,0))) -> 10 | H13: =IF($E13="なし",0,INDEX(センサー仕様!$E$4:$E$6,MATCH($E13,センサー仕様!$A$4:$A$6,0))) -> 2 | I13: =IF($E13="なし",0,INDEX(センサー仕様!$F$4:$F$6,MATCH($E13,センサー仕様!$A$4:$A$6,0))) -> 2
A14: P01_10 | B14: 西海市 | C14: -18243.4 | D14: 11052.5 | E14: BETA | F14: =IF($E14="なし",0,INDEX(センサー仕様!$C$4:$C$6,MATCH($E14,センサー仕様!$A$4:$A$6,0))) -> 100 | G14: =IF($E14="なし",0,INDEX(センサー仕様!$D$4:$D$6,MATCH($E14,センサー仕様!$A$4:$A$6,0))) -> 10 | H14: =IF($E14="なし",0,INDEX(センサー仕様!$E$4:$E$6,MATCH($E14,センサー仕様!$A$4:$A$6,0))) -> 2 | I14: =IF($E14="なし",0,INDEX(センサー仕様!$F$4:$F$6,MATCH($E14,センサー仕様!$A$4:$A$6,0))) -> 2
A15: P02_1 | B15: 南山町 | C15: 3275.7 | D15: -19165.2 | E15: BETA | F15: =IF($E15="なし",0,INDEX(センサー仕様!$C$4:$C$6,MATCH($E15,センサー仕様!$A$4:$A$6,0))) -> 100 | G15: =IF($E15="なし",0,INDEX(センサー仕様!$D$4:$D$6,MATCH($E15,センサー仕様!$A$4:$A$6,0))) -> 10 | H15: =IF($E15="なし",0,INDEX(センサー仕様!$E$4:$E$6,MATCH($E15,センサー仕様!$A$4:$A$6,0))) -> 2 | I15: =IF($E15="なし",0,INDEX(センサー仕様!$F$4:$F$6,MATCH($E15,センサー仕様!$A$4:$A$6,0))) -> 2
A16: P02_2 | B16: 南山町 | C16: -4490.7 | D16: -23905.6 | E16: GAMMA | F16: =IF($E16="なし",0,INDEX(センサー仕様!$C$4:$C$6,MATCH($E16,センサー仕様!$A$4:$A$6,0))) -> 40 | G16: =IF($E16="なし",0,INDEX(センサー仕様!$D$4:$D$6,MATCH($E16,センサー仕様!$A$4:$A$6,0))) -> 4.5 | H16: =IF($E16="なし",0,INDEX(センサー仕様!$E$4:$E$6,MATCH($E16,センサー仕様!$A$4:$A$6,0))) -> 1 | I16: =IF($E16="なし",0,INDEX(センサー仕様!$F$4:$F$6,MATCH($E16,センサー仕様!$A$4:$A$6,0))) -> 4
... A90: P08_13 | B90: 北東町 | C90: 43485.6 | D90: 4500.1 | E90: GAMMA | F90: =IF($E90="なし",0,INDEX(センサー仕様!$C$4:$C$6,MATCH($E90,センサー仕様!$A$4:$A$6,0))) -> 40 | G90: =IF($E90="なし",0,INDEX(センサー仕様!$D$4:$D$6,MATCH($E90,センサー仕様!$A$4:$A$6,0))) -> 4.5 | H90: =IF($E90="なし",0,INDEX(センサー仕様!$E$4:$E$6,MATCH($E90,センサー仕様!$A$4:$A$6,0))) -> 1 | I90: =IF($E90="なし",0,INDEX(センサー仕様!$F$4:$F$6,MATCH($E90,センサー仕様!$A$4:$A$6,0))) -> 4
A91: 合計 | E91: =COUNTIF(E5:E90,"<>なし")&" 台" -> 85 台 | F91: =SUM(F5:F90) -> 6160

Sheet 市町村別
A1: 市町村別の集計と制約の確認
A3: 市町村 | B3: ALPHA | C3: BETA | D3: GAMMA | E3: コスト | F3: α出力 合計 | G3: α 目標 | H3: α 判定 | I3: β出力 合計 | J3: β 目標 | K3: β 判定 | L3: 面的充足率 (200 m) | M3: 面的充足率 (100 m) | N3: 目標 | O3: 面積 判定
A4: 西海市 | B4: =COUNTIFS(配置一覧!$B$5:$B$90,$A4,配置一覧!$E$5:$E$90,"ALPHA") -> 1 | C4: =COUNTIFS(配置一覧!$B$5:$B$90,$A4,配置一覧!$E$5:$E$90,"BETA") -> 4 | D4: =COUNTIFS(配置一覧!$B$5:$B$90,$A4,配置一覧!$E$5:$E$90,"GAMMA") -> 5 | E4: =SUMIFS(配置一覧!$F$5:$F$90,配置一覧!$B$5:$B$90,$A4) -> 900 | F4: =SUMIFS(配置一覧!$H$5:$H$90,配置一覧!$B$5:$B$90,$A4) -> 18 | G4: 18 | H4: =IF(F4>=G4,"OK","不足") -> OK | I4: =SUMIFS(配置一覧!$I$5:$I$90,配置一覧!$B$5:$B$90,$A4) -> 29 | J4: 20 | K4: =IF(I4>=J4,"OK","不足") -> OK | L4: 0.996 | M4: 0.996 | N4: 0.85 | O4: =IF(MIN(L4,M4)>=N4,"OK","不足") -> OK
A5: 南山町 | B5: =COUNTIFS(配置一覧!$B$5:$B$90,$A5,配置一覧!$E$5:$E$90,"ALPHA") -> 3 | C5: =COUNTIFS(配置一覧!$B$5:$B$90,$A5,配置一覧!$E$5:$E$90,"BETA") -> 4 | D5: =COUNTIFS(配置一覧!$B$5:$B$90,$A5,配置一覧!$E$5:$E$90,"GAMMA") -> 2 | E5: =SUMIFS(配置一覧!$F$5:$F$90,配置一覧!$B$5:$B$90,$A5) -> 1380 | F5: =SUMIFS(配置一覧!$H$5:$H$90,配置一覧!$B$5:$B$90,$A5) -> 25 | G5: 25 | H5: =IF(F5>=G5,"OK","不足") -> OK | I5: =SUMIFS(配置一覧!$I$5:$I$90,配置一覧!$B$5:$B$90,$A5) -> 19 | J5: 8 | K5: =IF(I5>=J5,"OK","不足") -> OK | L5: 1 | M5: 1 | N5: 0.6 | O5: =IF(MIN(L5,M5)>=N5,"OK","不足") -> OK
A6: 西南市 | B6: =COUNTIFS(配置一覧!$B$5:$B$90,$A6,配置一覧!$E$5:$E$90,"ALPHA") -> 0 | C6: =COUNTIFS(配置一覧!$B$5:$B$90,$A6,配置一覧!$E$5:$E$90,"BETA") -> 0 | D6: =COUNTIFS(配置一覧!$B$5:$B$90,$A6,配置一覧!$E$5:$E$90,"GAMMA") -> 10 | E6: =SUMIFS(配置一覧!$F$5:$F$90,配置一覧!$B$5:$B$90,$A6) -> 400 | F6: =SUMIFS(配置一覧!$H$5:$H$90,配置一覧!$B$5:$B$90,$A6) -> 10 | G6: 10 | H6: =IF(F6>=G6,"OK","不足") -> OK | I6: =SUMIFS(配置一覧!$I$5:$I$90,配置一覧!$B$5:$B$90,$A6) -> 40 | J6: 15 | K6: =IF(I6>=J6,"OK","不足") -> OK | L6: 0.9001 | M6: 0.9001 | N6: 0.9 | O6: =IF(MIN(L6,M6)>=N6,"OK","不足") -> OK
A7: 北西市 | B7: =COUNTIFS(配置一覧!$B$5:$B$90,$A7,配置一覧!$E$5:$E$90,"ALPHA") -> 0 | C7: =COUNTIFS(配置一覧!$B$5:$B$90,$A7,配置一覧!$E$5:$E$90,"BETA") -> 1 | D7: =COUNTIFS(配置一覧!$B$5:$B$90,$A7,配置一覧!$E$5:$E$90,"GAMMA") -> 10 | E7: =SUMIFS(配置一覧!$F$5:$F$90,配置一覧!$B$5:$B$90,$A7) -> 500 | F7: =SUMIFS(配置一覧!$H$5:$H$90,配置一覧!$B$5:$B$90,$A7) -> 12 | G7: 12 | H7: =IF(F7>=G7,"OK","不足") -> OK | I7: =SUMIFS(配置一覧!$I$5:$I$90,配置一覧!$B$5:$B$90,$A7) -> 42 | J7: 12 | K7: =IF(I7>=J7,"OK","不足") -> OK | L7: 0.9828 | M7: 0.9831 | N7: 0.85 | O7: =IF(MIN(L7,M7)>=N7,"OK","不足") -> OK
A8: 北嶺村 | B8: =COUNTIFS(配置一覧!$B$5:$B$90,$A8,配置一覧!$E$5:$E$90,"ALPHA") -> 0 | C8: =COUNTIFS(配置一覧!$B$5:$B$90,$A8,配置一覧!$E$5:$E$90,"BETA") -> 9 | D8: =COUNTIFS(配置一覧!$B$5:$B$90,$A8,配置一覧!$E$5:$E$90,"GAMMA") -> 2 | E8: =SUMIFS(配置一覧!$F$5:$F$90,配置一覧!$B$5:$B$90,$A8) -> 980 | F8: =SUMIFS(配置一覧!$H$5:$H$90,配置一覧!$B$5:$B$90,$A8) -> 20 | G8: 20 | H8: =IF(F8>=G8,"OK","不足") -> OK | I8: =SUMIFS(配置一覧!$I$5:$I$90,配置一覧!$B$5:$B$90,$A8) -> 26 | J8: 5 | K8: =IF(I8>=J8,"OK","不足") -> OK | L8: 1 | M8: 1 | N8: 0.6 | O8: =IF(MIN(L8,M8)>=N8,"OK","不足") -> OK
A9: 中央市 | B9: =COUNTIFS(配置一覧!$B$5:$B$90,$A9,配置一覧!$E$5:$E$90,"ALPHA") -> 2 | C9: =COUNTIFS(配置一覧!$B$5:$B$90,$A9,配置一覧!$E$5:$E$90,"BETA") -> 0 | D9: =COUNTIFS(配置一覧!$B$5:$B$90,$A9,配置一覧!$E$5:$E$90,"GAMMA") -> 7 | E9: =SUMIFS(配置一覧!$F$5:$F$90,配置一覧!$B$5:$B$90,$A9) -> 880 | F9: =SUMIFS(配置一覧!$H$5:$H$90,配置一覧!$B$5:$B$90,$A9) -> 17 | G9: 15 | H9: =IF(F9>=G9,"OK","不足") -> OK | I9: =SUMIFS(配置一覧!$I$5:$I$90,配置一覧!$B$5:$B$90,$A9) -> 30 | J9: 30 | K9: =IF(I9>=J9,"OK","不足") -> OK | L9: 1 | M9: 1 | N9: 1 | O9: =IF(MIN(L9,M9)>=N9,"OK","不足") -> OK
A10: 東南村 | B10: =COUNTIFS(配置一覧!$B$5:$B$90,$A10,配置一覧!$E$5:$E$90,"ALPHA") -> 0 | C10: =COUNTIFS(配置一覧!$B$5:$B$90,$A10,配置一覧!$E$5:$E$90,"BETA") -> 2 | D10: =COUNTIFS(配置一覧!$B$5:$B$90,$A10,配置一覧!$E$5:$E$90,"GAMMA") -> 11 | E10: =SUMIFS(配置一覧!$F$5:$F$90,配置一覧!$B$5:$B$90,$A10) -> 640 | F10: =SUMIFS(配置一覧!$H$5:$H$90,配置一覧!$B$5:$B$90,$A10) -> 15 | G10: 15 | H10: =IF(F10>=G10,"OK","不足") -> OK | I10: =SUMIFS(配置一覧!$I$5:$I$90,配置一覧!$B$5:$B$90,$A10) -> 48 | J10: 4 | K10: =IF(I10>=J10,"OK","不足") -> OK | L10: 0.8968 | M10: 0.8966 | N10: 0.65 | O10: =IF(MIN(L10,M10)>=N10,"OK","不足") -> OK
A11: 北東町 | B11: =COUNTIFS(配置一覧!$B$5:$B$90,$A11,配置一覧!$E$5:$E$90,"ALPHA") -> 0 | C11: =COUNTIFS(配置一覧!$B$5:$B$90,$A11,配置一覧!$E$5:$E$90,"BETA") -> 0 | D11: =COUNTIFS(配置一覧!$B$5:$B$90,$A11,配置一覧!$E$5:$E$90,"GAMMA") -> 12 | E11: =SUMIFS(配置一覧!$F$5:$F$90,配置一覧!$B$5:$B$90,$A11) -> 480 | F11: =SUMIFS(配置一覧!$H$5:$H$90,配置一覧!$B$5:$B$90,$A11) -> 12 | G11: 12 | H11: =IF(F11>=G11,"OK","不足") -> OK | I11: =SUMIFS(配置一覧!$I$5:$I$90,配置一覧!$B$5:$B$90,$A11) -> 48 | J11: 12 | K11: =IF(I11>=J11,"OK","不足") -> OK | L11: 0.7919 | M11: 0.7916 | N11: 0.75 | O11: =IF(MIN(L11,M11)>=N11,"OK","不足") -> OK
A12: 合計 | B12: =SUM(B4:B11) -> 6 | C12: =SUM(C4:C11) -> 20 | D12: =SUM(D4:D11) -> 59 | E12: =SUM(E4:E11) -> 6160 | F12: =IF(SUM(E4:E11)=配置一覧!F91,"配置一覧の合計と一致","不一致") -> 配置一覧の合計と一致
A14: 青字 = 入力値（課題データの目標、または Python で数えた面的充足率）。黒字 = 計算式。

Sheet センサー仕様
A1: センサー仕様（課題データ data_transformed.json より）
A3: 種類 | B3: 型番 | C3: コスト | D3: 有効半径 (km) | E3: α出力 | F3: β出力
A4: ALPHA | B4: SENS-ALPHA-01 | C4: 300 | D4: 18 | E4: 5 | F4: 1
A5: BETA | B5: SENS-BETA-02 | C5: 100 | D5: 10 | E5: 2 | F5: 2
A6: GAMMA | B6: SENS-GAMMA-03 | C6: 40 | D6: 4.5 | E6: 1 | F6: 4
A8: 青字 = 課題データの値（入力値）。他のシートはこの表を参照して計算しています。

Sheet 前提と注記
A1: 前提と注記
A3: 解き方 | B3: MILP（混合整数線形計画）。ソルバーは HiGHS（scipy.optimize.milp）。最適であることを証明済み（gap 0）。
A4: 総コスト | B4: 6,160（ALPHA 6 台・BETA 20 台・GAMMA 59 台、計 85 台。候補地 P08_2 には置かない）。
A5: 面積の数え方 | B5: 市町村を 200 m 四方のマスに分け、マスの中心がいずれかのセンサーの円に入れば「覆われている」とした。100 m マスで数え直しても、全市町村で目標を満たす。
A6: 解釈 1（要確認） | B6: 面的充足率は、隣の市町村に置いたセンサーの円も含めて数えた（課題文「近隣センサーとの重なりも考慮」より）。
A7: 解釈 2（要確認） | B7: α出力・β出力は、その市町村の候補地に置いたセンサーの値だけを合計した。
A8: 解釈 3（要確認） | B8: センサーのカバー範囲は、有効半径の円とした（地形・建物による遮蔽は考慮していない）。
A9: 最適解は 1 つではない | B9: コスト 6,160 の配置は複数ある。コスト以外の条件（予備の台数、設置のしやすさ、地域の優先度など）があれば、条件に加えて選び直せる。
A10: データ | B10: 課題データ data_transformed.json（8 市町村、86 候補地、センサー 3 種類）。
A11: 再現方法 | B11: リポジトリ mori560269/Q-Questgrow-（ブランチ claude/request-5v4fsc）の placement/fine_grid.py。結果は results/placement_fine_grid.json。
